{
  "cleanUrls": true,
  "trailingSlash": false,
  "rewrites": [
    {
      "source": "/",
      "destination": "/index.html"
    },
    {
      "source": "/privacy",
      "destination": "/privacy.html"
    },
    {
      "source": "/terms",
      "destination": "/terms.html"
    }
  ],
  "headers": [
    {
      "source": "/(.*)",
      "headers": [
        {
          "key": "X-Frame-Options",
          "value": "DENY"
        },
        {
          "key": "X-Content-Type-Options",
          "value": "nosniff"
        }
      ]
    }
  ]
}
